{

    "BACKGROUND": {
      "1": "Metal",
      "2":"Wood" ,
      "3":"Water",
      "4":"Fire",
      "5":"Earth"
    },
    "HAT": {
      "1":"Blue",
      "2":"Orange",
      "3":"Purple",
      "4":"Red",
      "0":"Blank"
    },
    "BODY": {
      "1":"White",
      "2":"Yellow",
      "3":"Black"
    },
    "GLASSES": {
     "1":"Black",
     "2":"Blue",
     "3":"Orange",
     "4":"Purple"
    },
    "CLOTHES": {
      "1":"Blue",
      "2":"DDDD",
      "3":"Green",
      "4":"Rainbow",
      "5":"Tricolor",
      "6":"Yellow",
      "7":"Hoodie"
    },
    "TROUSERS": {
      "1":"Black",
      "2":"Blue",
      "3":"Camo",
      "4":"Pink",
      "5":"Red"
    },
    "SKATEBOARD": {
      "1":"Gray",
      "2":"Orange",
      "3":"Purple",
      "4":"White"
    },
    "GLOVE": {
      "1":"Black",
      "2":"Cyan",
      "0":"Blank"
    },
    "SHOES": {
      "1":"Black",
      "2":"Lakers",
      "3":"White"
    }

}